loan_amnt,term,int_rate,emp_length,annual_inc,dti,fico_range_low,loan_to_income,fico_mid,dti_int,Prediction,Probability
15000,36,12,5,50000,18,680,0.3,680,216,0,0.1493864082585797
25000,60,15,8,72000,22,650,0.3472222222222222,650,330,0,0.17624510562230972
8000,36,10,2,90000,12,750,0.08888888888888889,750,120,0,0.05480373204169968
